Order_ID,Order_Number,Customer,Table,Status,Total_Amount,Order_Date,Processed_By_Username,Item_Product,Item_Category,Item_Quantity,Item_Price,Item_Subtotal
0,ORD-0000,Customer 0,4,FINISHED,49.0,2026-01-11T02:06:23.772847,maria,Coca-Cola,Drinks,1,49.0,49.0
0,ORD-0000,Customer 1,5,FINISHED,299.0,2025-11-30T02:06:23.772847,john,Margherita Pizza,Pizzas,1,299.0,299.0
1,ORD-0001,Customer 2,8,FINISHED,98.0,2026-02-05T12:06:23.772847,maria,Coca-Cola,Drinks,2,49.0,98.0
1,ORD-0001,Customer 3,11,FINISHED,1137.0,2025-12-02T10:06:23.772847,maria,Four Cheese Pizza,Pizzas,3,379.0,1137.0
2,ORD-0002,Customer 4,8,FINISHED,379.0,2025-12-09T06:06:23.772847,jose,Four Cheese Pizza,Pizzas,1,379.0,379.0
2,ORD-0002,Customer 5,14,FINISHED,1137.0,2026-01-09T02:06:23.772847,john,Four Cheese Pizza,Pizzas,3,379.0,1137.0
3,ORD-0003,Customer 6,3,FINISHED,349.0,2025-12-12T02:06:23.772847,maria,Pepperoni Pizza,Pizzas,1,349.0,349.0
3,ORD-0003,Customer 7,7,FINISHED,398.0,2026-01-20T10:06:23.772847,jose,Buffalo Wings,Sides,2,199.0,398.0
4,ORD-0004,Customer 8,2,FINISHED,98.0,2026-01-04T04:06:23.772847,john,Coca-Cola,Drinks,2,49.0,98.0
4,ORD-0004,Customer 9,5,FINISHED,698.0,2025-12-21T10:06:23.772847,john,Pepperoni Pizza,Pizzas,2,349.0,698.0
5,ORD-0005,Customer 10,3,FINISHED,398.0,2025-12-05T05:06:23.772847,maria,Buffalo Wings,Sides,2,199.0,398.0
5,ORD-0005,Customer 11,7,FINISHED,597.0,2025-11-22T07:06:23.772847,john,Buffalo Wings,Sides,3,199.0,597.0
6,ORD-0006,Customer 12,4,FINISHED,379.0,2025-11-25T02:06:23.772847,jose,Four Cheese Pizza,Pizzas,1,379.0,379.0
6,ORD-0006,Customer 13,1,FINISHED,987.0,2025-11-18T04:06:23.772847,john,Hawaiian Pizza,Pizzas,3,329.0,987.0
7,ORD-0007,Customer 14,5,FINISHED,597.0,2025-11-20T10:06:23.772847,john,Buffalo Wings,Sides,3,199.0,597.0
7,ORD-0007,Customer 15,3,FINISHED,147.0,2025-12-03T07:06:23.772847,john,Coca-Cola,Drinks,3,49.0,147.0
8,ORD-0008,Customer 16,6,FINISHED,1137.0,2025-12-15T12:06:23.772847,jose,Four Cheese Pizza,Pizzas,3,379.0,1137.0
8,ORD-0008,Customer 17,1,FINISHED,98.0,2026-02-05T02:06:23.772847,jose,Coca-Cola,Drinks,2,49.0,98.0
9,ORD-0009,Customer 18,7,FINISHED,1137.0,2026-01-01T05:06:23.772847,maria,Four Cheese Pizza,Pizzas,3,379.0,1137.0
9,ORD-0009,Customer 19,5,FINISHED,147.0,2025-12-25T04:06:23.772847,maria,Coca-Cola,Drinks,3,49.0,147.0
10,ORD-0010,Customer 20,9,FINISHED,598.0,2025-12-27T08:06:23.772847,john,Margherita Pizza,Pizzas,2,299.0,598.0
10,ORD-0010,Customer 21,14,FINISHED,658.0,2025-11-14T11:06:23.772847,jose,Hawaiian Pizza,Pizzas,2,329.0,658.0
11,ORD-0011,Customer 22,1,FINISHED,49.0,2025-11-20T07:06:23.772847,john,Coca-Cola,Drinks,1,49.0,49.0
11,ORD-0011,Customer 23,2,FINISHED,698.0,2026-01-11T12:06:23.772847,john,Pepperoni Pizza,Pizzas,2,349.0,698.0
12,ORD-0012,Customer 24,2,FINISHED,598.0,2026-01-18T05:06:23.772847,john,Margherita Pizza,Pizzas,2,299.0,598.0
12,ORD-0012,Customer 25,8,FINISHED,199.0,2026-01-19T06:06:23.772847,john,Buffalo Wings,Sides,1,199.0,199.0
13,ORD-0013,Customer 26,1,FINISHED,1137.0,2026-01-25T05:06:23.772847,john,Four Cheese Pizza,Pizzas,3,379.0,1137.0
13,ORD-0013,Customer 27,6,FINISHED,299.0,2025-11-27T09:06:23.772847,jose,Margherita Pizza,Pizzas,1,299.0,299.0
14,ORD-0014,Customer 28,8,FINISHED,658.0,2026-01-11T05:06:23.772847,maria,Hawaiian Pizza,Pizzas,2,329.0,658.0
14,ORD-0014,Customer 29,6,FINISHED,1047.0,2025-12-04T12:06:23.772847,jose,Pepperoni Pizza,Pizzas,3,349.0,1047.0
15,ORD-0015,Customer 30,7,FINISHED,98.0,2025-12-06T03:06:23.772847,jose,Coca-Cola,Drinks,2,49.0,98.0
15,ORD-0015,Customer 31,5,FINISHED,329.0,2026-01-31T11:06:23.772847,maria,Hawaiian Pizza,Pizzas,1,329.0,329.0
16,ORD-0016,Customer 32,6,FINISHED,199.0,2025-12-18T09:06:23.772847,maria,Buffalo Wings,Sides,1,199.0,199.0
16,ORD-0016,Customer 33,15,FINISHED,98.0,2026-01-10T08:06:23.772847,jose,Coca-Cola,Drinks,2,49.0,98.0
17,ORD-0017,Customer 34,5,FINISHED,1047.0,2025-12-28T01:06:23.772847,john,Pepperoni Pizza,Pizzas,3,349.0,1047.0
17,ORD-0017,Customer 35,4,FINISHED,1137.0,2026-01-01T05:06:23.772847,maria,Four Cheese Pizza,Pizzas,3,379.0,1137.0
18,ORD-0018,Customer 36,10,FINISHED,147.0,2026-01-20T12:06:23.772847,maria,Coca-Cola,Drinks,3,49.0,147.0
18,ORD-0018,Customer 37,4,FINISHED,329.0,2026-01-11T04:06:23.772847,john,Hawaiian Pizza,Pizzas,1,329.0,329.0
19,ORD-0019,Customer 38,15,FINISHED,658.0,2025-12-27T10:06:23.772847,jose,Hawaiian Pizza,Pizzas,2,329.0,658.0
19,ORD-0019,Customer 39,10,FINISHED,698.0,2025-12-06T01:06:23.772847,john,Pepperoni Pizza,Pizzas,2,349.0,698.0
20,ORD-0020,Customer 40,9,FINISHED,398.0,2025-11-28T04:06:23.772847,maria,Buffalo Wings,Sides,2,199.0,398.0
20,ORD-0020,Customer 41,10,FINISHED,199.0,2025-12-29T09:06:23.772847,jose,Buffalo Wings,Sides,1,199.0,199.0
21,ORD-0021,Customer 42,15,FINISHED,1137.0,2025-12-02T01:06:23.772847,john,Four Cheese Pizza,Pizzas,3,379.0,1137.0
21,ORD-0021,Customer 43,1,FINISHED,199.0,2025-11-14T06:06:23.772847,maria,Buffalo Wings,Sides,1,199.0,199.0
22,ORD-0022,Customer 44,2,FINISHED,598.0,2026-01-24T08:06:23.772847,maria,Margherita Pizza,Pizzas,2,299.0,598.0
22,ORD-0022,Customer 45,10,FINISHED,199.0,2025-12-18T01:06:23.772847,jose,Buffalo Wings,Sides,1,199.0,199.0
23,ORD-0023,Customer 46,9,FINISHED,98.0,2026-01-04T11:06:23.772847,john,Coca-Cola,Drinks,2,49.0,98.0
23,ORD-0023,Customer 47,10,FINISHED,897.0,2026-01-20T03:06:23.772847,maria,Margherita Pizza,Pizzas,3,299.0,897.0
24,ORD-0024,Customer 48,13,FINISHED,49.0,2025-12-08T01:06:23.772847,john,Coca-Cola,Drinks,1,49.0,49.0
24,ORD-0024,Customer 49,6,FINISHED,597.0,2025-12-19T02:06:23.772847,maria,Buffalo Wings,Sides,3,199.0,597.0
25,ORD-0025,Customer 50,5,FINISHED,98.0,2025-11-26T07:06:23.772847,john,Coca-Cola,Drinks,2,49.0,98.0
25,ORD-0025,Customer 51,12,FINISHED,598.0,2026-01-14T12:06:23.772847,maria,Margherita Pizza,Pizzas,2,299.0,598.0
26,ORD-0026,Customer 52,8,FINISHED,199.0,2025-12-28T01:06:23.772847,maria,Buffalo Wings,Sides,1,199.0,199.0
26,ORD-0026,Customer 53,9,FINISHED,49.0,2025-12-10T06:06:23.772847,jose,Coca-Cola,Drinks,1,49.0,49.0
27,ORD-0027,Customer 54,10,FINISHED,1137.0,2025-11-15T06:06:23.772847,maria,Four Cheese Pizza,Pizzas,3,379.0,1137.0
27,ORD-0027,Customer 55,9,FINISHED,379.0,2025-12-10T12:06:23.772847,maria,Four Cheese Pizza,Pizzas,1,379.0,379.0
28,ORD-0028,Customer 56,7,FINISHED,398.0,2025-12-16T02:06:23.772847,john,Buffalo Wings,Sides,2,199.0,398.0
28,ORD-0028,Customer 57,12,FINISHED,329.0,2025-12-04T08:06:23.772847,maria,Hawaiian Pizza,Pizzas,1,329.0,329.0
29,ORD-0029,Customer 58,2,FINISHED,987.0,2025-12-25T09:06:23.772847,jose,Hawaiian Pizza,Pizzas,3,329.0,987.0
29,ORD-0029,Customer 59,10,FINISHED,698.0,2025-12-01T03:06:23.772847,john,Pepperoni Pizza,Pizzas,2,349.0,698.0
30,ORD-0030,Customer 60,1,FINISHED,199.0,2026-01-24T07:06:23.772847,maria,Buffalo Wings,Sides,1,199.0,199.0
30,ORD-0030,Customer 61,8,FINISHED,299.0,2025-12-01T11:06:23.772847,maria,Margherita Pizza,Pizzas,1,299.0,299.0
31,ORD-0031,Customer 62,5,FINISHED,349.0,2025-12-22T04:06:23.772847,maria,Pepperoni Pizza,Pizzas,1,349.0,349.0
31,ORD-0031,Customer 63,11,FINISHED,329.0,2025-12-30T04:06:23.772847,john,Hawaiian Pizza,Pizzas,1,329.0,329.0
32,ORD-0032,Customer 64,15,FINISHED,49.0,2026-01-18T01:06:23.772847,maria,Coca-Cola,Drinks,1,49.0,49.0
32,ORD-0032,Customer 65,12,FINISHED,698.0,2025-12-28T12:06:23.772847,jose,Pepperoni Pizza,Pizzas,2,349.0,698.0
33,ORD-0033,Customer 66,2,FINISHED,147.0,2025-11-26T05:06:23.772847,john,Coca-Cola,Drinks,3,49.0,147.0
33,ORD-0033,Customer 67,13,FINISHED,199.0,2026-02-09T09:06:23.772847,jose,Buffalo Wings,Sides,1,199.0,199.0
34,ORD-0034,Customer 68,1,FINISHED,598.0,2025-12-03T02:06:23.772847,jose,Margherita Pizza,Pizzas,2,299.0,598.0
34,ORD-0034,Customer 69,13,FINISHED,758.0,2026-01-16T09:06:23.772847,maria,Four Cheese Pizza,Pizzas,2,379.0,758.0
35,ORD-0035,Customer 70,15,FINISHED,1047.0,2025-11-29T06:06:23.772847,jose,Pepperoni Pizza,Pizzas,3,349.0,1047.0
35,ORD-0035,Customer 71,14,FINISHED,299.0,2025-12-06T07:06:23.772847,jose,Margherita Pizza,Pizzas,1,299.0,299.0
36,ORD-0036,Customer 72,10,FINISHED,1137.0,2025-11-27T04:06:23.772847,john,Four Cheese Pizza,Pizzas,3,379.0,1137.0
36,ORD-0036,Customer 73,4,FINISHED,1047.0,2025-11-19T07:06:23.772847,john,Pepperoni Pizza,Pizzas,3,349.0,1047.0
37,ORD-0037,Customer 74,8,FINISHED,299.0,2026-01-23T08:06:23.772847,john,Margherita Pizza,Pizzas,1,299.0,299.0
37,ORD-0037,Customer 75,7,FINISHED,379.0,2025-12-05T04:06:23.772847,maria,Four Cheese Pizza,Pizzas,1,379.0,379.0
38,ORD-0038,Customer 76,12,FINISHED,1137.0,2025-11-22T12:06:23.772847,john,Four Cheese Pizza,Pizzas,3,379.0,1137.0
38,ORD-0038,Customer 77,9,FINISHED,147.0,2025-11-20T09:06:23.772847,jose,Coca-Cola,Drinks,3,49.0,147.0
39,ORD-0039,Customer 78,3,FINISHED,329.0,2025-12-18T08:06:23.772847,jose,Hawaiian Pizza,Pizzas,1,329.0,329.0
39,ORD-0039,Customer 79,2,FINISHED,329.0,2025-12-24T11:06:23.772847,maria,Hawaiian Pizza,Pizzas,1,329.0,329.0
40,ORD-0040,Customer 80,9,FINISHED,1137.0,2026-01-09T10:06:23.772847,john,Four Cheese Pizza,Pizzas,3,379.0,1137.0
40,ORD-0040,Customer 81,8,FINISHED,598.0,2026-01-09T10:06:23.772847,john,Margherita Pizza,Pizzas,2,299.0,598.0
41,ORD-0041,Customer 82,13,FINISHED,598.0,2026-01-17T10:06:23.772847,jose,Margherita Pizza,Pizzas,2,299.0,598.0
41,ORD-0041,Customer 83,8,FINISHED,1047.0,2025-12-03T04:06:23.772847,maria,Pepperoni Pizza,Pizzas,3,349.0,1047.0
42,ORD-0042,Customer 84,4,FINISHED,299.0,2026-02-07T07:06:23.772847,john,Margherita Pizza,Pizzas,1,299.0,299.0
42,ORD-0042,Customer 85,12,FINISHED,98.0,2026-01-23T04:06:23.772847,john,Coca-Cola,Drinks,2,49.0,98.0
43,ORD-0043,Customer 86,1,FINISHED,49.0,2026-01-01T12:06:23.772847,maria,Coca-Cola,Drinks,1,49.0,49.0
43,ORD-0043,Customer 87,9,FINISHED,49.0,2025-12-07T07:06:23.772847,jose,Coca-Cola,Drinks,1,49.0,49.0
44,ORD-0044,Customer 88,5,FINISHED,598.0,2025-11-26T03:06:23.772847,jose,Margherita Pizza,Pizzas,2,299.0,598.0
44,ORD-0044,Customer 89,5,FINISHED,987.0,2026-01-13T06:06:23.772847,maria,Hawaiian Pizza,Pizzas,3,329.0,987.0
45,ORD-0045,Customer 90,15,FINISHED,1137.0,2025-12-20T01:06:23.772847,john,Four Cheese Pizza,Pizzas,3,379.0,1137.0
45,ORD-0045,Customer 91,14,FINISHED,329.0,2025-12-26T02:06:23.772847,john,Hawaiian Pizza,Pizzas,1,329.0,329.0
46,ORD-0046,Customer 92,13,FINISHED,597.0,2025-12-17T03:06:23.772847,maria,Buffalo Wings,Sides,3,199.0,597.0
46,ORD-0046,Customer 93,14,FINISHED,49.0,2025-11-28T05:06:23.772847,maria,Coca-Cola,Drinks,1,49.0,49.0
47,ORD-0047,Customer 94,13,FINISHED,698.0,2026-01-26T06:06:23.772847,jose,Pepperoni Pizza,Pizzas,2,349.0,698.0
47,ORD-0047,Customer 95,4,FINISHED,379.0,2026-01-17T06:06:23.772847,john,Four Cheese Pizza,Pizzas,1,379.0,379.0
48,ORD-0048,Customer 96,5,FINISHED,1137.0,2026-01-29T05:06:23.772847,jose,Four Cheese Pizza,Pizzas,3,379.0,1137.0
48,ORD-0048,Customer 97,10,FINISHED,1137.0,2025-11-24T01:06:23.772847,john,Four Cheese Pizza,Pizzas,3,379.0,1137.0
49,ORD-0049,Customer 98,13,FINISHED,379.0,2026-01-05T05:06:23.772847,john,Four Cheese Pizza,Pizzas,1,379.0,379.0
49,ORD-0049,Customer 99,3,FINISHED,49.0,2025-12-23T03:06:23.772847,maria,Coca-Cola,Drinks,1,49.0,49.0
50,ORD-0050,Customer 100,2,FINISHED,598.0,2025-12-01T11:06:23.772847,john,Margherita Pizza,Pizzas,2,299.0,598.0
50,ORD-0050,Customer 101,7,FINISHED,349.0,2025-11-29T09:06:23.772847,jose,Pepperoni Pizza,Pizzas,1,349.0,349.0
51,ORD-0051,Customer 102,5,FINISHED,987.0,2026-01-08T10:06:23.772847,jose,Hawaiian Pizza,Pizzas,3,329.0,987.0
51,ORD-0051,Customer 103,11,FINISHED,1047.0,2025-12-16T05:06:23.772847,john,Pepperoni Pizza,Pizzas,3,349.0,1047.0
52,ORD-0052,Customer 104,3,FINISHED,698.0,2026-01-07T12:06:23.772847,maria,Pepperoni Pizza,Pizzas,2,349.0,698.0
52,ORD-0052,Customer 105,9,FINISHED,1047.0,2026-01-26T07:06:23.772847,john,Pepperoni Pizza,Pizzas,3,349.0,1047.0
53,ORD-0053,Customer 106,9,FINISHED,598.0,2026-01-10T10:06:23.772847,jose,Margherita Pizza,Pizzas,2,299.0,598.0
53,ORD-0053,Customer 107,13,FINISHED,758.0,2026-01-18T05:06:23.772847,john,Four Cheese Pizza,Pizzas,2,379.0,758.0
54,ORD-0054,Customer 108,10,FINISHED,147.0,2025-12-26T12:06:23.772847,jose,Coca-Cola,Drinks,3,49.0,147.0
54,ORD-0054,Customer 109,13,FINISHED,329.0,2026-01-26T10:06:23.772847,john,Hawaiian Pizza,Pizzas,1,329.0,329.0
55,ORD-0055,Customer 110,13,FINISHED,1047.0,2026-02-09T03:06:23.772847,john,Pepperoni Pizza,Pizzas,3,349.0,1047.0
55,ORD-0055,Customer 111,6,FINISHED,897.0,2026-01-04T02:06:23.772847,jose,Margherita Pizza,Pizzas,3,299.0,897.0
56,ORD-0056,Customer 112,3,FINISHED,349.0,2026-01-08T08:06:23.772847,jose,Pepperoni Pizza,Pizzas,1,349.0,349.0
56,ORD-0056,Customer 113,8,FINISHED,147.0,2025-11-24T02:06:23.772847,jose,Coca-Cola,Drinks,3,49.0,147.0
57,ORD-0057,Customer 114,7,FINISHED,147.0,2025-12-30T08:06:23.772847,maria,Coca-Cola,Drinks,3,49.0,147.0
57,ORD-0057,Customer 115,1,FINISHED,379.0,2025-11-29T08:06:23.772847,john,Four Cheese Pizza,Pizzas,1,379.0,379.0
58,ORD-0058,Customer 116,9,FINISHED,758.0,2026-01-26T02:06:23.772847,maria,Four Cheese Pizza,Pizzas,2,379.0,758.0
58,ORD-0058,Customer 117,15,FINISHED,299.0,2025-12-04T02:06:23.772847,john,Margherita Pizza,Pizzas,1,299.0,299.0
59,ORD-0059,Customer 118,12,FINISHED,597.0,2026-01-13T08:06:23.772847,maria,Buffalo Wings,Sides,3,199.0,597.0
59,ORD-0059,Customer 119,10,FINISHED,398.0,2026-02-11T08:06:23.772847,jose,Buffalo Wings,Sides,2,199.0,398.0
60,ORD-0060,Customer 120,13,FINISHED,379.0,2025-12-06T06:06:23.772847,jose,Four Cheese Pizza,Pizzas,1,379.0,379.0
60,ORD-0060,Customer 121,11,FINISHED,597.0,2025-12-22T07:06:23.772847,jose,Buffalo Wings,Sides,3,199.0,597.0
61,ORD-0061,Customer 122,11,FINISHED,658.0,2026-01-29T06:06:23.772847,john,Hawaiian Pizza,Pizzas,2,329.0,658.0
61,ORD-0061,Customer 123,9,FINISHED,299.0,2025-11-22T05:06:23.772847,jose,Margherita Pizza,Pizzas,1,299.0,299.0
62,ORD-0062,Customer 124,12,FINISHED,299.0,2026-01-16T06:06:23.772847,maria,Margherita Pizza,Pizzas,1,299.0,299.0
62,ORD-0062,Customer 125,10,FINISHED,199.0,2026-01-03T06:06:23.772847,john,Buffalo Wings,Sides,1,199.0,199.0
63,ORD-0063,Customer 126,7,FINISHED,199.0,2025-12-28T11:06:23.772847,jose,Buffalo Wings,Sides,1,199.0,199.0
63,ORD-0063,Customer 127,10,FINISHED,698.0,2026-01-13T02:06:23.772847,john,Pepperoni Pizza,Pizzas,2,349.0,698.0
64,ORD-0064,Customer 128,1,FINISHED,658.0,2025-12-02T12:06:23.772847,maria,Hawaiian Pizza,Pizzas,2,329.0,658.0
64,ORD-0064,Customer 129,14,FINISHED,598.0,2026-01-07T08:06:23.772847,maria,Margherita Pizza,Pizzas,2,299.0,598.0
65,ORD-0065,Customer 130,6,FINISHED,897.0,2025-12-10T07:06:23.772847,john,Margherita Pizza,Pizzas,3,299.0,897.0
65,ORD-0065,Customer 131,5,FINISHED,1137.0,2026-01-31T05:06:23.772847,john,Four Cheese Pizza,Pizzas,3,379.0,1137.0
66,ORD-0066,Customer 132,3,FINISHED,758.0,2026-02-03T05:06:23.772847,john,Four Cheese Pizza,Pizzas,2,379.0,758.0
66,ORD-0066,Customer 133,1,FINISHED,349.0,2026-02-12T12:06:23.772847,maria,Pepperoni Pizza,Pizzas,1,349.0,349.0
67,ORD-0067,Customer 134,14,FINISHED,147.0,2026-01-09T06:06:23.772847,jose,Coca-Cola,Drinks,3,49.0,147.0
67,ORD-0067,Customer 135,14,FINISHED,98.0,2025-12-01T10:06:23.772847,maria,Coca-Cola,Drinks,2,49.0,98.0
68,ORD-0068,Customer 136,10,FINISHED,199.0,2026-02-07T02:06:23.772847,maria,Buffalo Wings,Sides,1,199.0,199.0
68,ORD-0068,Customer 137,8,FINISHED,598.0,2025-11-22T01:06:23.772847,jose,Margherita Pizza,Pizzas,2,299.0,598.0
69,ORD-0069,Customer 138,14,FINISHED,379.0,2026-01-02T02:06:23.772847,john,Four Cheese Pizza,Pizzas,1,379.0,379.0
69,ORD-0069,Customer 139,13,FINISHED,349.0,2026-01-18T07:06:23.772847,jose,Pepperoni Pizza,Pizzas,1,349.0,349.0
70,ORD-0070,Customer 140,6,FINISHED,98.0,2025-12-11T08:06:23.772847,maria,Coca-Cola,Drinks,2,49.0,98.0
70,ORD-0070,Customer 141,8,FINISHED,329.0,2025-11-28T01:06:23.772847,jose,Hawaiian Pizza,Pizzas,1,329.0,329.0
71,ORD-0071,Customer 142,1,FINISHED,199.0,2026-01-30T10:06:23.772847,jose,Buffalo Wings,Sides,1,199.0,199.0
71,ORD-0071,Customer 143,11,FINISHED,897.0,2026-01-18T08:06:23.772847,maria,Margherita Pizza,Pizzas,3,299.0,897.0
72,ORD-0072,Customer 144,12,FINISHED,98.0,2025-12-07T01:06:23.772847,john,Coca-Cola,Drinks,2,49.0,98.0
72,ORD-0072,Customer 145,14,FINISHED,658.0,2025-11-17T11:06:23.772847,jose,Hawaiian Pizza,Pizzas,2,329.0,658.0
73,ORD-0073,Customer 146,2,FINISHED,398.0,2025-11-24T04:06:23.772847,jose,Buffalo Wings,Sides,2,199.0,398.0
73,ORD-0073,Customer 147,5,FINISHED,897.0,2025-12-14T05:06:23.772847,john,Margherita Pizza,Pizzas,3,299.0,897.0
74,ORD-0074,Customer 148,14,FINISHED,329.0,2025-12-20T10:06:23.772847,jose,Hawaiian Pizza,Pizzas,1,329.0,329.0
74,ORD-0074,Customer 149,4,FINISHED,658.0,2026-01-15T06:06:23.772847,jose,Hawaiian Pizza,Pizzas,2,329.0,658.0
75,ORD-0075,Customer 150,6,FINISHED,598.0,2025-12-05T02:06:23.772847,maria,Margherita Pizza,Pizzas,2,299.0,598.0
75,ORD-0075,Customer 151,12,FINISHED,987.0,2025-12-10T04:06:23.772847,jose,Hawaiian Pizza,Pizzas,3,329.0,987.0
76,ORD-0076,Customer 152,11,FINISHED,597.0,2026-02-01T01:06:23.772847,john,Buffalo Wings,Sides,3,199.0,597.0
76,ORD-0076,Customer 153,2,FINISHED,698.0,2025-12-16T12:06:23.772847,jose,Pepperoni Pizza,Pizzas,2,349.0,698.0
77,ORD-0077,Customer 154,2,FINISHED,658.0,2026-01-20T08:06:23.772847,maria,Hawaiian Pizza,Pizzas,2,329.0,658.0
77,ORD-0077,Customer 155,5,FINISHED,349.0,2025-12-31T03:06:23.772847,john,Pepperoni Pizza,Pizzas,1,349.0,349.0
78,ORD-0078,Customer 156,7,FINISHED,329.0,2025-11-30T06:06:23.772847,jose,Hawaiian Pizza,Pizzas,1,329.0,329.0
78,ORD-0078,Customer 157,7,FINISHED,987.0,2025-12-25T11:06:23.772847,john,Hawaiian Pizza,Pizzas,3,329.0,987.0
79,ORD-0079,Customer 158,8,FINISHED,897.0,2026-01-30T01:06:23.772847,john,Margherita Pizza,Pizzas,3,299.0,897.0
79,ORD-0079,Customer 159,13,FINISHED,1047.0,2026-01-05T02:06:23.772847,jose,Pepperoni Pizza,Pizzas,3,349.0,1047.0
80,ORD-0080,Customer 160,14,FINISHED,897.0,2025-12-30T10:06:23.772847,john,Margherita Pizza,Pizzas,3,299.0,897.0
80,ORD-0080,Customer 161,6,FINISHED,299.0,2025-11-19T10:06:23.772847,maria,Margherita Pizza,Pizzas,1,299.0,299.0
81,ORD-0081,Customer 162,1,FINISHED,597.0,2026-01-19T09:06:23.772847,maria,Buffalo Wings,Sides,3,199.0,597.0
81,ORD-0081,Customer 163,5,FINISHED,597.0,2026-02-03T04:06:23.772847,jose,Buffalo Wings,Sides,3,199.0,597.0
82,ORD-0082,Customer 164,7,FINISHED,658.0,2025-12-06T06:06:23.772847,jose,Hawaiian Pizza,Pizzas,2,329.0,658.0
82,ORD-0082,Customer 165,2,FINISHED,598.0,2026-01-30T10:06:23.772847,maria,Margherita Pizza,Pizzas,2,299.0,598.0
83,ORD-0083,Customer 166,12,FINISHED,398.0,2026-02-12T09:06:23.772847,john,Buffalo Wings,Sides,2,199.0,398.0
83,ORD-0083,Customer 167,5,FINISHED,329.0,2025-12-30T05:06:23.772847,maria,Hawaiian Pizza,Pizzas,1,329.0,329.0
84,ORD-0084,Customer 168,13,FINISHED,49.0,2026-02-06T12:06:23.772847,john,Coca-Cola,Drinks,1,49.0,49.0
84,ORD-0084,Customer 169,12,FINISHED,987.0,2026-01-07T07:06:23.772847,jose,Hawaiian Pizza,Pizzas,3,329.0,987.0
85,ORD-0085,Customer 170,7,FINISHED,1047.0,2025-12-06T04:06:23.772847,maria,Pepperoni Pizza,Pizzas,3,349.0,1047.0
85,ORD-0085,Customer 171,15,FINISHED,98.0,2025-11-19T10:06:23.772847,maria,Coca-Cola,Drinks,2,49.0,98.0
86,ORD-0086,Customer 172,1,FINISHED,597.0,2026-01-12T09:06:23.772847,john,Buffalo Wings,Sides,3,199.0,597.0
86,ORD-0086,Customer 173,9,FINISHED,598.0,2025-12-30T03:06:23.772847,jose,Margherita Pizza,Pizzas,2,299.0,598.0
87,ORD-0087,Customer 174,1,FINISHED,658.0,2026-02-10T03:06:23.772847,maria,Hawaiian Pizza,Pizzas,2,329.0,658.0
87,ORD-0087,Customer 175,3,FINISHED,299.0,2026-02-09T05:06:23.772847,maria,Margherita Pizza,Pizzas,1,299.0,299.0
88,ORD-0088,Customer 176,5,FINISHED,987.0,2025-12-08T01:06:23.772847,jose,Hawaiian Pizza,Pizzas,3,329.0,987.0
88,ORD-0088,Customer 177,3,FINISHED,698.0,2026-01-03T07:06:23.772847,jose,Pepperoni Pizza,Pizzas,2,349.0,698.0
89,ORD-0089,Customer 178,5,FINISHED,1137.0,2025-12-17T01:06:23.772847,john,Four Cheese Pizza,Pizzas,3,379.0,1137.0
89,ORD-0089,Customer 179,14,FINISHED,329.0,2025-12-13T06:06:23.772847,jose,Hawaiian Pizza,Pizzas,1,329.0,329.0
90,ORD-0090,Customer 180,14,FINISHED,199.0,2025-12-19T01:06:23.772847,jose,Buffalo Wings,Sides,1,199.0,199.0
90,ORD-0090,Customer 181,3,FINISHED,698.0,2026-01-01T07:06:23.772847,john,Pepperoni Pizza,Pizzas,2,349.0,698.0
91,ORD-0091,Customer 182,10,FINISHED,758.0,2025-12-18T01:06:23.772847,john,Four Cheese Pizza,Pizzas,2,379.0,758.0
91,ORD-0091,Customer 183,12,FINISHED,1137.0,2025-11-17T06:06:23.772847,maria,Four Cheese Pizza,Pizzas,3,379.0,1137.0
92,ORD-0092,Customer 184,3,FINISHED,49.0,2026-02-07T01:06:23.772847,jose,Coca-Cola,Drinks,1,49.0,49.0
92,ORD-0092,Customer 185,3,FINISHED,49.0,2025-12-13T06:06:23.772847,maria,Coca-Cola,Drinks,1,49.0,49.0
93,ORD-0093,Customer 186,14,FINISHED,597.0,2025-11-29T12:06:23.772847,john,Buffalo Wings,Sides,3,199.0,597.0
93,ORD-0093,Customer 187,12,FINISHED,758.0,2026-01-03T05:06:23.772847,john,Four Cheese Pizza,Pizzas,2,379.0,758.0
94,ORD-0094,Customer 188,14,FINISHED,398.0,2025-12-16T12:06:23.772847,john,Buffalo Wings,Sides,2,199.0,398.0
94,ORD-0094,Customer 189,6,FINISHED,329.0,2026-01-12T09:06:23.772847,jose,Hawaiian Pizza,Pizzas,1,329.0,329.0
95,ORD-0095,Customer 190,10,FINISHED,49.0,2025-11-19T12:06:23.772847,john,Coca-Cola,Drinks,1,49.0,49.0
95,ORD-0095,Customer 191,2,FINISHED,987.0,2026-01-13T09:06:23.772847,jose,Hawaiian Pizza,Pizzas,3,329.0,987.0
96,ORD-0096,Customer 192,3,FINISHED,299.0,2026-01-29T03:06:23.772847,maria,Margherita Pizza,Pizzas,1,299.0,299.0
96,ORD-0096,Customer 193,5,FINISHED,698.0,2026-01-23T12:06:23.772847,maria,Pepperoni Pizza,Pizzas,2,349.0,698.0
97,ORD-0097,Customer 194,15,FINISHED,299.0,2026-01-16T07:06:23.772847,maria,Margherita Pizza,Pizzas,1,299.0,299.0
97,ORD-0097,Customer 195,12,FINISHED,147.0,2025-11-18T04:06:23.772847,john,Coca-Cola,Drinks,3,49.0,147.0
98,ORD-0098,Customer 196,5,FINISHED,379.0,2026-01-01T02:06:23.772847,maria,Four Cheese Pizza,Pizzas,1,379.0,379.0
98,ORD-0098,Customer 197,5,FINISHED,698.0,2025-11-28T04:06:23.772847,jose,Pepperoni Pizza,Pizzas,2,349.0,698.0
99,ORD-0099,Customer 198,9,FINISHED,658.0,2026-01-14T03:06:23.772847,maria,Hawaiian Pizza,Pizzas,2,329.0,658.0
99,ORD-0099,Customer 199,3,FINISHED,987.0,2025-12-22T01:06:23.772847,john,Hawaiian Pizza,Pizzas,3,329.0,987.0
100,ORD-0100,Customer 200,8,FINISHED,349.0,2026-01-29T10:06:23.772847,john,Pepperoni Pizza,Pizzas,1,349.0,349.0
100,ORD-0100,Customer 201,6,FINISHED,349.0,2025-12-06T01:06:23.772847,jose,Pepperoni Pizza,Pizzas,1,349.0,349.0
101,ORD-0101,Customer 202,10,FINISHED,398.0,2025-12-10T12:06:23.772847,jose,Buffalo Wings,Sides,2,199.0,398.0
101,ORD-0101,Customer 203,6,FINISHED,379.0,2025-12-19T02:06:23.772847,john,Four Cheese Pizza,Pizzas,1,379.0,379.0
102,ORD-0102,Customer 204,15,FINISHED,698.0,2026-01-08T11:06:23.772847,maria,Pepperoni Pizza,Pizzas,2,349.0,698.0
102,ORD-0102,Customer 205,14,FINISHED,49.0,2026-01-20T09:06:23.772847,john,Coca-Cola,Drinks,1,49.0,49.0
103,ORD-0103,Customer 206,12,FINISHED,299.0,2025-11-21T07:06:23.772847,john,Margherita Pizza,Pizzas,1,299.0,299.0
103,ORD-0103,Customer 207,12,FINISHED,199.0,2025-11-17T04:06:23.772847,john,Buffalo Wings,Sides,1,199.0,199.0
104,ORD-0104,Customer 208,5,FINISHED,698.0,2026-01-12T04:06:23.772847,maria,Pepperoni Pizza,Pizzas,2,349.0,698.0
104,ORD-0104,Customer 209,14,FINISHED,658.0,2026-02-12T08:06:23.772847,john,Hawaiian Pizza,Pizzas,2,329.0,658.0
105,ORD-0105,Customer 210,4,FINISHED,398.0,2025-11-24T04:06:23.772847,jose,Buffalo Wings,Sides,2,199.0,398.0
105,ORD-0105,Customer 211,14,FINISHED,987.0,2025-12-27T05:06:23.772847,maria,Hawaiian Pizza,Pizzas,3,329.0,987.0
106,ORD-0106,Customer 212,11,FINISHED,597.0,2026-01-05T05:06:23.772847,maria,Buffalo Wings,Sides,3,199.0,597.0
106,ORD-0106,Customer 213,1,FINISHED,597.0,2025-12-04T09:06:23.772847,john,Buffalo Wings,Sides,3,199.0,597.0
107,ORD-0107,Customer 214,14,FINISHED,49.0,2026-01-02T08:06:23.772847,john,Coca-Cola,Drinks,1,49.0,49.0
107,ORD-0107,Customer 215,10,FINISHED,598.0,2025-12-25T02:06:23.772847,john,Margherita Pizza,Pizzas,2,299.0,598.0
108,ORD-0108,Customer 216,5,FINISHED,758.0,2025-12-01T06:06:23.772847,john,Four Cheese Pizza,Pizzas,2,379.0,758.0
108,ORD-0108,Customer 217,15,FINISHED,398.0,2025-12-29T09:06:23.772847,jose,Buffalo Wings,Sides,2,199.0,398.0
109,ORD-0109,Customer 218,5,FINISHED,658.0,2026-02-12T02:06:23.772847,jose,Hawaiian Pizza,Pizzas,2,329.0,658.0
109,ORD-0109,Customer 219,13,FINISHED,299.0,2025-12-08T11:06:23.772847,jose,Margherita Pizza,Pizzas,1,299.0,299.0
110,ORD-0110,Customer 220,7,FINISHED,598.0,2025-11-14T01:06:23.772847,john,Margherita Pizza,Pizzas,2,299.0,598.0
110,ORD-0110,Customer 221,8,FINISHED,987.0,2025-12-06T05:06:23.772847,jose,Hawaiian Pizza,Pizzas,3,329.0,987.0
111,ORD-0111,Customer 222,4,FINISHED,349.0,2025-12-24T10:06:23.772847,john,Pepperoni Pizza,Pizzas,1,349.0,349.0
111,ORD-0111,Customer 223,7,FINISHED,379.0,2026-01-14T12:06:23.772847,maria,Four Cheese Pizza,Pizzas,1,379.0,379.0
112,ORD-0112,Customer 224,14,FINISHED,379.0,2025-11-16T10:06:23.772847,maria,Four Cheese Pizza,Pizzas,1,379.0,379.0
112,ORD-0112,Customer 225,1,FINISHED,598.0,2025-12-18T01:06:23.772847,maria,Margherita Pizza,Pizzas,2,299.0,598.0
113,ORD-0113,Customer 226,9,FINISHED,1137.0,2025-12-24T05:06:23.772847,maria,Four Cheese Pizza,Pizzas,3,379.0,1137.0
113,ORD-0113,Customer 227,1,FINISHED,597.0,2026-01-27T01:06:23.772847,john,Buffalo Wings,Sides,3,199.0,597.0
114,ORD-0114,Customer 228,4,FINISHED,98.0,2026-01-29T07:06:23.772847,john,Coca-Cola,Drinks,2,49.0,98.0
114,ORD-0114,Customer 229,6,FINISHED,758.0,2026-01-14T05:06:23.772847,maria,Four Cheese Pizza,Pizzas,2,379.0,758.0
115,ORD-0115,Customer 230,13,FINISHED,49.0,2026-01-27T10:06:23.772847,jose,Coca-Cola,Drinks,1,49.0,49.0
115,ORD-0115,Customer 231,6,FINISHED,98.0,2026-01-01T05:06:23.772847,maria,Coca-Cola,Drinks,2,49.0,98.0
116,ORD-0116,Customer 232,12,FINISHED,897.0,2025-12-23T02:06:23.772847,maria,Margherita Pizza,Pizzas,3,299.0,897.0
116,ORD-0116,Customer 233,6,FINISHED,598.0,2025-12-31T06:06:23.772847,jose,Margherita Pizza,Pizzas,2,299.0,598.0
117,ORD-0117,Customer 234,13,FINISHED,658.0,2025-12-06T07:06:23.772847,jose,Hawaiian Pizza,Pizzas,2,329.0,658.0
117,ORD-0117,Customer 235,8,FINISHED,199.0,2026-01-20T02:06:23.772847,maria,Buffalo Wings,Sides,1,199.0,199.0
118,ORD-0118,Customer 236,14,FINISHED,987.0,2026-01-19T10:06:23.772847,jose,Hawaiian Pizza,Pizzas,3,329.0,987.0
118,ORD-0118,Customer 237,5,FINISHED,349.0,2026-01-08T12:06:23.772847,maria,Pepperoni Pizza,Pizzas,1,349.0,349.0
119,ORD-0119,Customer 238,2,FINISHED,597.0,2025-11-17T03:06:23.772847,john,Buffalo Wings,Sides,3,199.0,597.0
119,ORD-0119,Customer 239,14,FINISHED,349.0,2026-01-02T11:06:23.772847,john,Pepperoni Pizza,Pizzas,1,349.0,349.0
120,ORD-0120,Customer 240,10,FINISHED,698.0,2025-12-17T12:06:23.772847,john,Pepperoni Pizza,Pizzas,2,349.0,698.0
120,ORD-0120,Customer 241,11,FINISHED,658.0,2025-11-17T11:06:23.772847,jose,Hawaiian Pizza,Pizzas,2,329.0,658.0
121,ORD-0121,Customer 242,5,FINISHED,597.0,2025-12-18T04:06:23.772847,john,Buffalo Wings,Sides,3,199.0,597.0
121,ORD-0121,Customer 243,7,FINISHED,147.0,2025-12-09T04:06:23.772847,john,Coca-Cola,Drinks,3,49.0,147.0
122,ORD-0122,Customer 244,7,FINISHED,349.0,2026-01-10T07:06:23.772847,maria,Pepperoni Pizza,Pizzas,1,349.0,349.0
122,ORD-0122,Customer 245,2,FINISHED,299.0,2026-01-11T05:06:23.772847,maria,Margherita Pizza,Pizzas,1,299.0,299.0
123,ORD-0123,Customer 246,4,FINISHED,698.0,2025-12-07T10:06:23.772847,john,Pepperoni Pizza,Pizzas,2,349.0,698.0
123,ORD-0123,Customer 247,10,FINISHED,897.0,2026-01-10T01:06:23.772847,jose,Margherita Pizza,Pizzas,3,299.0,897.0
124,ORD-0124,Customer 248,13,FINISHED,199.0,2026-01-03T06:06:23.772847,jose,Buffalo Wings,Sides,1,199.0,199.0
124,ORD-0124,Customer 249,6,FINISHED,329.0,2025-12-11T05:06:23.772847,maria,Hawaiian Pizza,Pizzas,1,329.0,329.0
125,ORD-0125,Customer 250,10,FINISHED,758.0,2026-01-20T12:06:23.772847,jose,Four Cheese Pizza,Pizzas,2,379.0,758.0
125,ORD-0125,Customer 251,9,FINISHED,329.0,2026-02-12T12:06:23.772847,john,Hawaiian Pizza,Pizzas,1,329.0,329.0
126,ORD-0126,Customer 252,12,FINISHED,199.0,2026-01-31T11:06:23.772847,maria,Buffalo Wings,Sides,1,199.0,199.0
126,ORD-0126,Customer 253,8,FINISHED,897.0,2025-11-16T12:06:23.772847,john,Margherita Pizza,Pizzas,3,299.0,897.0
127,ORD-0127,Customer 254,10,FINISHED,98.0,2025-12-13T01:06:23.772847,jose,Coca-Cola,Drinks,2,49.0,98.0
127,ORD-0127,Customer 255,13,FINISHED,329.0,2026-01-17T10:06:23.772847,maria,Hawaiian Pizza,Pizzas,1,329.0,329.0
128,ORD-0128,Customer 256,5,FINISHED,897.0,2025-12-19T12:06:23.772847,maria,Margherita Pizza,Pizzas,3,299.0,897.0
128,ORD-0128,Customer 257,5,FINISHED,147.0,2025-12-25T05:06:23.772847,john,Coca-Cola,Drinks,3,49.0,147.0
129,ORD-0129,Customer 258,7,FINISHED,987.0,2025-12-12T08:06:23.772847,jose,Hawaiian Pizza,Pizzas,3,329.0,987.0
129,ORD-0129,Customer 259,9,FINISHED,349.0,2026-01-11T11:06:23.772847,maria,Pepperoni Pizza,Pizzas,1,349.0,349.0
130,ORD-0130,Customer 260,15,FINISHED,329.0,2026-02-12T04:06:23.772847,maria,Hawaiian Pizza,Pizzas,1,329.0,329.0
130,ORD-0130,Customer 261,8,FINISHED,299.0,2026-01-12T06:06:23.772847,john,Margherita Pizza,Pizzas,1,299.0,299.0
131,ORD-0131,Customer 262,7,FINISHED,597.0,2025-11-18T12:06:23.772847,maria,Buffalo Wings,Sides,3,199.0,597.0
131,ORD-0131,Customer 263,2,FINISHED,758.0,2025-12-18T11:06:23.772847,maria,Four Cheese Pizza,Pizzas,2,379.0,758.0
132,ORD-0132,Customer 264,12,FINISHED,147.0,2026-01-22T03:06:23.772847,maria,Coca-Cola,Drinks,3,49.0,147.0
132,ORD-0132,Customer 265,6,FINISHED,398.0,2025-11-24T07:06:23.772847,maria,Buffalo Wings,Sides,2,199.0,398.0
133,ORD-0133,Customer 266,3,FINISHED,49.0,2025-12-26T02:06:23.772847,john,Coca-Cola,Drinks,1,49.0,49.0
133,ORD-0133,Customer 267,12,FINISHED,598.0,2025-12-21T01:06:23.772847,jose,Margherita Pizza,Pizzas,2,299.0,598.0
134,ORD-0134,Customer 268,5,FINISHED,299.0,2026-02-03T10:06:23.772847,maria,Margherita Pizza,Pizzas,1,299.0,299.0
134,ORD-0134,Customer 269,1,FINISHED,1047.0,2026-01-11T01:06:23.772847,maria,Pepperoni Pizza,Pizzas,3,349.0,1047.0
135,ORD-0135,Customer 270,5,FINISHED,1047.0,2026-02-06T01:06:23.772847,maria,Pepperoni Pizza,Pizzas,3,349.0,1047.0
135,ORD-0135,Customer 271,2,FINISHED,1047.0,2026-01-21T07:06:23.772847,jose,Pepperoni Pizza,Pizzas,3,349.0,1047.0
136,ORD-0136,Customer 272,2,FINISHED,897.0,2025-11-30T12:06:23.772847,jose,Margherita Pizza,Pizzas,3,299.0,897.0
136,ORD-0136,Customer 273,7,FINISHED,658.0,2026-01-22T01:06:23.772847,jose,Hawaiian Pizza,Pizzas,2,329.0,658.0
137,ORD-0137,Customer 274,15,FINISHED,98.0,2025-12-23T10:06:23.772847,john,Coca-Cola,Drinks,2,49.0,98.0
137,ORD-0137,Customer 275,2,FINISHED,597.0,2026-01-26T01:06:23.772847,john,Buffalo Wings,Sides,3,199.0,597.0
138,ORD-0138,Customer 276,2,FINISHED,329.0,2025-12-08T04:06:23.772847,maria,Hawaiian Pizza,Pizzas,1,329.0,329.0
138,ORD-0138,Customer 277,10,FINISHED,49.0,2026-01-01T06:06:23.772847,john,Coca-Cola,Drinks,1,49.0,49.0
139,ORD-0139,Customer 278,8,FINISHED,897.0,2026-01-27T03:06:23.772847,john,Margherita Pizza,Pizzas,3,299.0,897.0
139,ORD-0139,Customer 279,14,FINISHED,98.0,2025-12-01T09:06:23.772847,maria,Coca-Cola,Drinks,2,49.0,98.0
140,ORD-0140,Customer 280,8,FINISHED,1047.0,2026-01-03T03:06:23.772847,maria,Pepperoni Pizza,Pizzas,3,349.0,1047.0
140,ORD-0140,Customer 281,3,FINISHED,597.0,2025-12-20T02:06:23.772847,maria,Buffalo Wings,Sides,3,199.0,597.0
141,ORD-0141,Customer 282,14,FINISHED,598.0,2025-12-20T11:06:23.772847,maria,Margherita Pizza,Pizzas,2,299.0,598.0
141,ORD-0141,Customer 283,15,FINISHED,1137.0,2025-12-05T09:06:23.772847,maria,Four Cheese Pizza,Pizzas,3,379.0,1137.0
142,ORD-0142,Customer 284,13,FINISHED,299.0,2026-01-11T01:06:23.772847,maria,Margherita Pizza,Pizzas,1,299.0,299.0
142,ORD-0142,Customer 285,9,FINISHED,199.0,2025-12-29T06:06:23.772847,jose,Buffalo Wings,Sides,1,199.0,199.0
143,ORD-0143,Customer 286,11,FINISHED,1137.0,2025-12-13T05:06:23.772847,john,Four Cheese Pizza,Pizzas,3,379.0,1137.0
143,ORD-0143,Customer 287,7,FINISHED,1137.0,2025-11-19T05:06:23.772847,john,Four Cheese Pizza,Pizzas,3,379.0,1137.0
144,ORD-0144,Customer 288,8,FINISHED,147.0,2026-01-25T08:06:23.772847,maria,Coca-Cola,Drinks,3,49.0,147.0
144,ORD-0144,Customer 289,1,FINISHED,49.0,2026-01-19T09:06:23.772847,john,Coca-Cola,Drinks,1,49.0,49.0
145,ORD-0145,Customer 290,6,FINISHED,598.0,2026-02-04T07:06:23.772847,jose,Margherita Pizza,Pizzas,2,299.0,598.0
145,ORD-0145,Customer 291,10,FINISHED,598.0,2025-12-15T04:06:23.772847,john,Margherita Pizza,Pizzas,2,299.0,598.0
146,ORD-0146,Customer 292,7,FINISHED,349.0,2025-12-22T05:06:23.772847,john,Pepperoni Pizza,Pizzas,1,349.0,349.0
146,ORD-0146,Customer 293,6,FINISHED,49.0,2026-01-10T07:06:23.772847,maria,Coca-Cola,Drinks,1,49.0,49.0
147,ORD-0147,Customer 294,7,FINISHED,147.0,2025-12-22T05:06:23.772847,jose,Coca-Cola,Drinks,3,49.0,147.0
147,ORD-0147,Customer 295,11,FINISHED,299.0,2025-11-21T06:06:23.772847,maria,Margherita Pizza,Pizzas,1,299.0,299.0
148,ORD-0148,Customer 296,1,FINISHED,199.0,2026-01-24T08:06:23.772847,maria,Buffalo Wings,Sides,1,199.0,199.0
148,ORD-0148,Customer 297,12,FINISHED,398.0,2026-01-01T08:06:23.772847,jose,Buffalo Wings,Sides,2,199.0,398.0
149,ORD-0149,Customer 298,5,FINISHED,49.0,2025-12-25T07:06:23.772847,john,Coca-Cola,Drinks,1,49.0,49.0
149,ORD-0149,Customer 299,13,FINISHED,398.0,2025-12-02T09:06:23.772847,john,Buffalo Wings,Sides,2,199.0,398.0
150,ORD-0150,Customer 300,10,FINISHED,49.0,2025-12-28T02:06:23.772847,john,Coca-Cola,Drinks,1,49.0,49.0
150,ORD-0150,Customer 301,1,FINISHED,98.0,2025-12-23T12:06:23.772847,john,Coca-Cola,Drinks,2,49.0,98.0
151,ORD-0151,Customer 302,15,FINISHED,147.0,2025-11-17T11:06:23.772847,maria,Coca-Cola,Drinks,3,49.0,147.0
151,ORD-0151,Customer 303,13,FINISHED,1047.0,2025-12-31T06:06:23.772847,john,Pepperoni Pizza,Pizzas,3,349.0,1047.0
152,ORD-0152,Customer 304,4,FINISHED,598.0,2025-11-20T12:06:23.772847,maria,Margherita Pizza,Pizzas,2,299.0,598.0
152,ORD-0152,Customer 305,10,FINISHED,597.0,2025-11-21T09:06:23.772847,maria,Buffalo Wings,Sides,3,199.0,597.0
153,ORD-0153,Customer 306,1,FINISHED,598.0,2025-12-29T09:06:23.772847,maria,Margherita Pizza,Pizzas,2,299.0,598.0
153,ORD-0153,Customer 307,11,FINISHED,698.0,2026-01-02T04:06:23.772847,jose,Pepperoni Pizza,Pizzas,2,349.0,698.0
154,ORD-0154,Customer 308,14,FINISHED,299.0,2026-01-03T03:06:23.772847,maria,Margherita Pizza,Pizzas,1,299.0,299.0
154,ORD-0154,Customer 309,14,FINISHED,658.0,2026-01-22T07:06:23.772847,maria,Hawaiian Pizza,Pizzas,2,329.0,658.0
155,ORD-0155,Customer 310,15,FINISHED,1047.0,2026-01-13T07:06:23.772847,jose,Pepperoni Pizza,Pizzas,3,349.0,1047.0
155,ORD-0155,Customer 311,10,FINISHED,758.0,2025-12-11T08:06:23.772847,maria,Four Cheese Pizza,Pizzas,2,379.0,758.0
156,ORD-0156,Customer 312,3,FINISHED,698.0,2026-02-10T12:06:23.772847,jose,Pepperoni Pizza,Pizzas,2,349.0,698.0
156,ORD-0156,Customer 313,4,FINISHED,1137.0,2025-12-18T07:06:23.772847,jose,Four Cheese Pizza,Pizzas,3,379.0,1137.0
157,ORD-0157,Customer 314,7,FINISHED,329.0,2026-01-23T09:06:23.772847,maria,Hawaiian Pizza,Pizzas,1,329.0,329.0
157,ORD-0157,Customer 315,2,FINISHED,329.0,2026-01-16T09:06:23.772847,maria,Hawaiian Pizza,Pizzas,1,329.0,329.0
158,ORD-0158,Customer 316,9,FINISHED,349.0,2025-11-27T11:06:23.772847,john,Pepperoni Pizza,Pizzas,1,349.0,349.0
158,ORD-0158,Customer 317,3,FINISHED,349.0,2025-12-02T12:06:23.772847,maria,Pepperoni Pizza,Pizzas,1,349.0,349.0
159,ORD-0159,Customer 318,7,FINISHED,349.0,2025-12-17T04:06:23.772847,maria,Pepperoni Pizza,Pizzas,1,349.0,349.0
159,ORD-0159,Customer 319,7,FINISHED,598.0,2026-01-17T12:06:23.772847,john,Margherita Pizza,Pizzas,2,299.0,598.0
160,ORD-0160,Customer 320,8,FINISHED,299.0,2026-01-12T01:06:23.772847,maria,Margherita Pizza,Pizzas,1,299.0,299.0
160,ORD-0160,Customer 321,11,FINISHED,299.0,2026-01-06T11:06:23.772847,john,Margherita Pizza,Pizzas,1,299.0,299.0
161,ORD-0161,Customer 322,7,FINISHED,329.0,2025-11-21T05:06:23.772847,john,Hawaiian Pizza,Pizzas,1,329.0,329.0
161,ORD-0161,Customer 323,11,FINISHED,897.0,2025-12-29T04:06:23.772847,john,Margherita Pizza,Pizzas,3,299.0,897.0
162,ORD-0162,Customer 324,2,FINISHED,1137.0,2025-12-19T01:06:23.772847,jose,Four Cheese Pizza,Pizzas,3,379.0,1137.0
162,ORD-0162,Customer 325,4,FINISHED,299.0,2026-02-07T07:06:23.772847,jose,Margherita Pizza,Pizzas,1,299.0,299.0
163,ORD-0163,Customer 326,15,FINISHED,98.0,2025-12-28T02:06:23.772847,john,Coca-Cola,Drinks,2,49.0,98.0
163,ORD-0163,Customer 327,14,FINISHED,1047.0,2025-12-05T07:06:23.772847,john,Pepperoni Pizza,Pizzas,3,349.0,1047.0
164,ORD-0164,Customer 328,15,FINISHED,698.0,2026-02-09T01:06:23.772847,john,Pepperoni Pizza,Pizzas,2,349.0,698.0
164,ORD-0164,Customer 329,9,FINISHED,299.0,2026-01-09T12:06:23.772847,john,Margherita Pizza,Pizzas,1,299.0,299.0
165,ORD-0165,Customer 330,9,FINISHED,398.0,2026-01-12T04:06:23.772847,maria,Buffalo Wings,Sides,2,199.0,398.0
165,ORD-0165,Customer 331,10,FINISHED,329.0,2025-12-30T01:06:23.772847,maria,Hawaiian Pizza,Pizzas,1,329.0,329.0
166,ORD-0166,Customer 332,1,FINISHED,758.0,2026-01-24T07:06:23.772847,maria,Four Cheese Pizza,Pizzas,2,379.0,758.0
166,ORD-0166,Customer 333,4,FINISHED,379.0,2026-02-09T09:06:23.772847,jose,Four Cheese Pizza,Pizzas,1,379.0,379.0
167,ORD-0167,Customer 334,6,FINISHED,598.0,2026-01-16T03:06:23.772847,maria,Margherita Pizza,Pizzas,2,299.0,598.0
167,ORD-0167,Customer 335,7,FINISHED,1137.0,2025-12-23T07:06:23.772847,maria,Four Cheese Pizza,Pizzas,3,379.0,1137.0
168,ORD-0168,Customer 336,11,FINISHED,698.0,2026-01-14T03:06:23.772847,john,Pepperoni Pizza,Pizzas,2,349.0,698.0
168,ORD-0168,Customer 337,1,FINISHED,98.0,2025-11-25T05:06:23.772847,maria,Coca-Cola,Drinks,2,49.0,98.0
169,ORD-0169,Customer 338,15,FINISHED,49.0,2025-11-14T03:06:23.772847,maria,Coca-Cola,Drinks,1,49.0,49.0
169,ORD-0169,Customer 339,3,FINISHED,98.0,2026-02-02T04:06:23.772847,jose,Coca-Cola,Drinks,2,49.0,98.0
170,ORD-0170,Customer 340,15,FINISHED,658.0,2025-12-27T01:06:23.772847,john,Hawaiian Pizza,Pizzas,2,329.0,658.0
170,ORD-0170,Customer 341,5,FINISHED,987.0,2025-11-29T11:06:23.772847,john,Hawaiian Pizza,Pizzas,3,329.0,987.0
171,ORD-0171,Customer 342,9,FINISHED,329.0,2025-12-17T01:06:23.772847,jose,Hawaiian Pizza,Pizzas,1,329.0,329.0
171,ORD-0171,Customer 343,3,FINISHED,147.0,2026-01-16T03:06:23.772847,maria,Coca-Cola,Drinks,3,49.0,147.0
172,ORD-0172,Customer 344,7,FINISHED,598.0,2026-01-09T06:06:23.772847,jose,Margherita Pizza,Pizzas,2,299.0,598.0
172,ORD-0172,Customer 345,3,FINISHED,1137.0,2026-01-26T10:06:23.772847,maria,Four Cheese Pizza,Pizzas,3,379.0,1137.0
173,ORD-0173,Customer 346,3,FINISHED,98.0,2026-01-13T04:06:23.772847,maria,Coca-Cola,Drinks,2,49.0,98.0
173,ORD-0173,Customer 347,14,FINISHED,329.0,2026-01-28T06:06:23.772847,john,Hawaiian Pizza,Pizzas,1,329.0,329.0
174,ORD-0174,Customer 348,9,FINISHED,598.0,2026-01-05T07:06:23.772847,john,Margherita Pizza,Pizzas,2,299.0,598.0
174,ORD-0174,Customer 349,13,FINISHED,597.0,2025-12-16T06:06:23.772847,maria,Buffalo Wings,Sides,3,199.0,597.0
175,ORD-0175,Customer 350,2,FINISHED,1047.0,2025-11-19T09:06:23.772847,john,Pepperoni Pizza,Pizzas,3,349.0,1047.0
175,ORD-0175,Customer 351,14,FINISHED,758.0,2026-02-12T11:06:23.772847,maria,Four Cheese Pizza,Pizzas,2,379.0,758.0
176,ORD-0176,Customer 352,9,FINISHED,758.0,2025-12-07T01:06:23.772847,maria,Four Cheese Pizza,Pizzas,2,379.0,758.0
176,ORD-0176,Customer 353,8,FINISHED,398.0,2025-11-15T08:06:23.772847,john,Buffalo Wings,Sides,2,199.0,398.0
177,ORD-0177,Customer 354,14,FINISHED,658.0,2025-12-22T09:06:23.772847,maria,Hawaiian Pizza,Pizzas,2,329.0,658.0
177,ORD-0177,Customer 355,13,FINISHED,698.0,2026-02-01T03:06:23.772847,jose,Pepperoni Pizza,Pizzas,2,349.0,698.0
178,ORD-0178,Customer 356,4,FINISHED,147.0,2026-01-16T04:06:23.772847,maria,Coca-Cola,Drinks,3,49.0,147.0
178,ORD-0178,Customer 357,14,FINISHED,199.0,2025-12-05T08:06:23.772847,john,Buffalo Wings,Sides,1,199.0,199.0
179,ORD-0179,Customer 358,10,FINISHED,349.0,2026-01-08T07:06:23.772847,maria,Pepperoni Pizza,Pizzas,1,349.0,349.0
179,ORD-0179,Customer 359,10,FINISHED,698.0,2025-12-13T03:06:23.772847,john,Pepperoni Pizza,Pizzas,2,349.0,698.0
180,ORD-0180,Customer 360,9,FINISHED,698.0,2026-01-09T06:06:23.772847,john,Pepperoni Pizza,Pizzas,2,349.0,698.0
180,ORD-0180,Customer 361,14,FINISHED,299.0,2026-01-27T06:06:23.772847,jose,Margherita Pizza,Pizzas,1,299.0,299.0
181,ORD-0181,Customer 362,15,FINISHED,897.0,2025-12-14T01:06:23.772847,jose,Margherita Pizza,Pizzas,3,299.0,897.0
181,ORD-0181,Customer 363,9,FINISHED,1047.0,2025-12-21T04:06:23.772847,maria,Pepperoni Pizza,Pizzas,3,349.0,1047.0
182,ORD-0182,Customer 364,2,FINISHED,49.0,2025-12-14T04:06:23.772847,john,Coca-Cola,Drinks,1,49.0,49.0
182,ORD-0182,Customer 365,1,FINISHED,379.0,2025-12-07T06:06:23.772847,jose,Four Cheese Pizza,Pizzas,1,379.0,379.0
183,ORD-0183,Customer 366,5,FINISHED,658.0,2025-12-07T05:06:23.772847,maria,Hawaiian Pizza,Pizzas,2,329.0,658.0
183,ORD-0183,Customer 367,12,FINISHED,698.0,2026-01-16T07:06:23.772847,john,Pepperoni Pizza,Pizzas,2,349.0,698.0
184,ORD-0184,Customer 368,12,FINISHED,758.0,2025-11-20T07:06:23.772847,maria,Four Cheese Pizza,Pizzas,2,379.0,758.0
184,ORD-0184,Customer 369,5,FINISHED,147.0,2025-12-18T03:06:23.772847,john,Coca-Cola,Drinks,3,49.0,147.0
185,ORD-0185,Customer 370,6,FINISHED,897.0,2025-11-14T05:06:23.772847,john,Margherita Pizza,Pizzas,3,299.0,897.0
185,ORD-0185,Customer 371,9,FINISHED,597.0,2025-12-08T02:06:23.772847,maria,Buffalo Wings,Sides,3,199.0,597.0
186,ORD-0186,Customer 372,5,FINISHED,658.0,2025-11-17T12:06:23.772847,jose,Hawaiian Pizza,Pizzas,2,329.0,658.0
186,ORD-0186,Customer 373,2,FINISHED,758.0,2025-12-08T09:06:23.772847,john,Four Cheese Pizza,Pizzas,2,379.0,758.0
187,ORD-0187,Customer 374,10,FINISHED,349.0,2026-01-24T05:06:23.772847,john,Pepperoni Pizza,Pizzas,1,349.0,349.0
187,ORD-0187,Customer 375,11,FINISHED,987.0,2025-12-02T05:06:23.772847,john,Hawaiian Pizza,Pizzas,3,329.0,987.0
188,ORD-0188,Customer 376,8,FINISHED,597.0,2026-02-03T03:06:23.772847,maria,Buffalo Wings,Sides,3,199.0,597.0
188,ORD-0188,Customer 377,9,FINISHED,147.0,2025-12-01T12:06:23.772847,jose,Coca-Cola,Drinks,3,49.0,147.0
189,ORD-0189,Customer 378,3,FINISHED,199.0,2025-12-22T03:06:23.772847,jose,Buffalo Wings,Sides,1,199.0,199.0
189,ORD-0189,Customer 379,8,FINISHED,98.0,2026-02-01T08:06:23.772847,maria,Coca-Cola,Drinks,2,49.0,98.0
190,ORD-0190,Customer 380,5,FINISHED,299.0,2025-12-21T03:06:23.772847,maria,Margherita Pizza,Pizzas,1,299.0,299.0
190,ORD-0190,Customer 381,2,FINISHED,658.0,2025-12-19T11:06:23.772847,john,Hawaiian Pizza,Pizzas,2,329.0,658.0
191,ORD-0191,Customer 382,12,FINISHED,147.0,2025-12-05T06:06:23.772847,maria,Coca-Cola,Drinks,3,49.0,147.0
191,ORD-0191,Customer 383,1,FINISHED,379.0,2026-01-08T08:06:23.772847,john,Four Cheese Pizza,Pizzas,1,379.0,379.0
192,ORD-0192,Customer 384,1,FINISHED,49.0,2026-01-05T07:06:23.772847,maria,Coca-Cola,Drinks,1,49.0,49.0
192,ORD-0192,Customer 385,15,FINISHED,1137.0,2025-12-05T07:06:23.772847,john,Four Cheese Pizza,Pizzas,3,379.0,1137.0
193,ORD-0193,Customer 386,8,FINISHED,897.0,2025-12-13T04:06:23.772847,maria,Margherita Pizza,Pizzas,3,299.0,897.0
193,ORD-0193,Customer 387,2,FINISHED,398.0,2025-11-22T10:06:23.772847,maria,Buffalo Wings,Sides,2,199.0,398.0
194,ORD-0194,Customer 388,8,FINISHED,987.0,2026-01-21T01:06:23.772847,maria,Hawaiian Pizza,Pizzas,3,329.0,987.0
194,ORD-0194,Customer 389,6,FINISHED,199.0,2025-11-22T09:06:23.772847,jose,Buffalo Wings,Sides,1,199.0,199.0
195,ORD-0195,Customer 390,8,FINISHED,758.0,2025-12-13T09:06:23.772847,maria,Four Cheese Pizza,Pizzas,2,379.0,758.0
195,ORD-0195,Customer 391,5,FINISHED,1137.0,2025-12-08T03:06:23.772847,john,Four Cheese Pizza,Pizzas,3,379.0,1137.0
196,ORD-0196,Customer 392,12,FINISHED,349.0,2025-12-07T12:06:23.772847,jose,Pepperoni Pizza,Pizzas,1,349.0,349.0
196,ORD-0196,Customer 393,5,FINISHED,758.0,2026-02-09T01:06:23.772847,john,Four Cheese Pizza,Pizzas,2,379.0,758.0
197,ORD-0197,Customer 394,8,FINISHED,98.0,2025-11-15T03:06:23.772847,jose,Coca-Cola,Drinks,2,49.0,98.0
197,ORD-0197,Customer 395,11,FINISHED,897.0,2026-01-08T07:06:23.772847,jose,Margherita Pizza,Pizzas,3,299.0,897.0
198,ORD-0198,Customer 396,8,FINISHED,299.0,2025-12-07T10:06:23.772847,maria,Margherita Pizza,Pizzas,1,299.0,299.0
198,ORD-0198,Customer 397,10,FINISHED,598.0,2026-02-03T10:06:23.772847,john,Margherita Pizza,Pizzas,2,299.0,598.0
199,ORD-0199,Customer 398,10,FINISHED,1137.0,2026-01-10T12:06:23.772847,jose,Four Cheese Pizza,Pizzas,3,379.0,1137.0
199,ORD-0199,Customer 399,9,FINISHED,147.0,2026-02-06T02:06:23.772847,jose,Coca-Cola,Drinks,3,49.0,147.0
200,ORD-0200,Customer 400,2,FINISHED,398.0,2026-02-08T06:06:23.772847,jose,Buffalo Wings,Sides,2,199.0,398.0
200,ORD-0200,Customer 401,6,FINISHED,658.0,2026-02-10T05:06:23.772847,john,Hawaiian Pizza,Pizzas,2,329.0,658.0
201,ORD-0201,Customer 402,5,FINISHED,147.0,2026-02-04T07:06:23.772847,john,Coca-Cola,Drinks,3,49.0,147.0
201,ORD-0201,Customer 403,2,FINISHED,199.0,2026-01-13T10:06:23.772847,maria,Buffalo Wings,Sides,1,199.0,199.0
202,ORD-0202,Customer 404,12,FINISHED,349.0,2026-02-01T02:06:23.772847,jose,Pepperoni Pizza,Pizzas,1,349.0,349.0
202,ORD-0202,Customer 405,3,FINISHED,987.0,2026-02-01T06:06:23.772847,jose,Hawaiian Pizza,Pizzas,3,329.0,987.0
203,ORD-0203,Customer 406,5,FINISHED,1137.0,2026-01-03T06:06:23.772847,john,Four Cheese Pizza,Pizzas,3,379.0,1137.0
203,ORD-0203,Customer 407,2,FINISHED,658.0,2026-01-18T12:06:23.772847,maria,Hawaiian Pizza,Pizzas,2,329.0,658.0
204,ORD-0204,Customer 408,9,FINISHED,49.0,2025-12-25T02:06:23.772847,maria,Coca-Cola,Drinks,1,49.0,49.0
204,ORD-0204,Customer 409,14,FINISHED,398.0,2026-01-10T09:06:23.772847,maria,Buffalo Wings,Sides,2,199.0,398.0
205,ORD-0205,Customer 410,7,FINISHED,199.0,2026-02-02T02:06:23.772847,maria,Buffalo Wings,Sides,1,199.0,199.0
205,ORD-0205,Customer 411,4,FINISHED,897.0,2025-12-28T07:06:23.772847,jose,Margherita Pizza,Pizzas,3,299.0,897.0
206,ORD-0206,Customer 412,3,FINISHED,658.0,2026-01-20T10:06:23.772847,maria,Hawaiian Pizza,Pizzas,2,329.0,658.0
206,ORD-0206,Customer 413,1,FINISHED,199.0,2026-02-11T02:06:23.772847,jose,Buffalo Wings,Sides,1,199.0,199.0
207,ORD-0207,Customer 414,7,FINISHED,199.0,2026-02-07T05:06:23.772847,john,Buffalo Wings,Sides,1,199.0,199.0
207,ORD-0207,Customer 415,10,FINISHED,147.0,2025-12-16T11:06:23.772847,jose,Coca-Cola,Drinks,3,49.0,147.0
208,ORD-0208,Customer 416,11,FINISHED,1137.0,2025-12-27T01:06:23.772847,john,Four Cheese Pizza,Pizzas,3,379.0,1137.0
208,ORD-0208,Customer 417,3,FINISHED,897.0,2025-11-22T05:06:23.772847,jose,Margherita Pizza,Pizzas,3,299.0,897.0
209,ORD-0209,Customer 418,9,FINISHED,299.0,2025-11-19T04:06:23.772847,john,Margherita Pizza,Pizzas,1,299.0,299.0
209,ORD-0209,Customer 419,9,FINISHED,299.0,2026-01-01T05:06:23.772847,maria,Margherita Pizza,Pizzas,1,299.0,299.0
210,ORD-0210,Customer 420,2,FINISHED,758.0,2026-02-12T02:06:23.772847,jose,Four Cheese Pizza,Pizzas,2,379.0,758.0
210,ORD-0210,Customer 421,13,FINISHED,49.0,2025-12-21T06:06:23.772847,maria,Coca-Cola,Drinks,1,49.0,49.0
211,ORD-0211,Customer 422,14,FINISHED,299.0,2026-01-22T05:06:23.772847,john,Margherita Pizza,Pizzas,1,299.0,299.0
211,ORD-0211,Customer 423,4,FINISHED,398.0,2025-12-20T08:06:23.772847,jose,Buffalo Wings,Sides,2,199.0,398.0
212,ORD-0212,Customer 424,15,FINISHED,1137.0,2026-01-03T06:06:23.772847,jose,Four Cheese Pizza,Pizzas,3,379.0,1137.0
212,ORD-0212,Customer 425,5,FINISHED,199.0,2026-02-11T10:06:23.772847,maria,Buffalo Wings,Sides,1,199.0,199.0
213,ORD-0213,Customer 426,12,FINISHED,658.0,2025-11-14T12:06:23.772847,maria,Hawaiian Pizza,Pizzas,2,329.0,658.0
213,ORD-0213,Customer 427,4,FINISHED,147.0,2026-01-07T07:06:23.772847,jose,Coca-Cola,Drinks,3,49.0,147.0
214,ORD-0214,Customer 428,9,FINISHED,147.0,2025-11-28T02:06:23.772847,jose,Coca-Cola,Drinks,3,49.0,147.0
214,ORD-0214,Customer 429,14,FINISHED,1047.0,2026-01-24T08:06:23.772847,jose,Pepperoni Pizza,Pizzas,3,349.0,1047.0
215,ORD-0215,Customer 430,10,FINISHED,597.0,2025-12-26T05:06:23.772847,jose,Buffalo Wings,Sides,3,199.0,597.0
215,ORD-0215,Customer 431,8,FINISHED,349.0,2026-02-11T11:06:23.772847,jose,Pepperoni Pizza,Pizzas,1,349.0,349.0
216,ORD-0216,Customer 432,3,FINISHED,98.0,2026-01-22T03:06:23.772847,john,Coca-Cola,Drinks,2,49.0,98.0
216,ORD-0216,Customer 433,11,FINISHED,897.0,2025-11-30T10:06:23.772847,jose,Margherita Pizza,Pizzas,3,299.0,897.0
217,ORD-0217,Customer 434,5,FINISHED,398.0,2026-01-15T01:06:23.772847,john,Buffalo Wings,Sides,2,199.0,398.0
217,ORD-0217,Customer 435,11,FINISHED,1047.0,2026-02-09T08:06:23.772847,john,Pepperoni Pizza,Pizzas,3,349.0,1047.0
218,ORD-0218,Customer 436,1,FINISHED,147.0,2025-12-27T06:06:23.772847,maria,Coca-Cola,Drinks,3,49.0,147.0
218,ORD-0218,Customer 437,14,FINISHED,897.0,2025-11-25T08:06:23.772847,maria,Margherita Pizza,Pizzas,3,299.0,897.0
219,ORD-0219,Customer 438,4,FINISHED,597.0,2026-02-10T05:06:23.772847,john,Buffalo Wings,Sides,3,199.0,597.0
219,ORD-0219,Customer 439,14,FINISHED,349.0,2026-01-04T11:06:23.772847,john,Pepperoni Pizza,Pizzas,1,349.0,349.0
220,ORD-0220,Customer 440,5,FINISHED,147.0,2025-12-28T05:06:23.772847,jose,Coca-Cola,Drinks,3,49.0,147.0
220,ORD-0220,Customer 441,8,FINISHED,658.0,2025-11-21T08:06:23.772847,jose,Hawaiian Pizza,Pizzas,2,329.0,658.0
221,ORD-0221,Customer 442,14,FINISHED,987.0,2026-01-18T08:06:23.772847,maria,Hawaiian Pizza,Pizzas,3,329.0,987.0
221,ORD-0221,Customer 443,10,FINISHED,897.0,2026-02-10T04:06:23.772847,jose,Margherita Pizza,Pizzas,3,299.0,897.0
222,ORD-0222,Customer 444,15,FINISHED,199.0,2026-01-28T12:06:23.772847,john,Buffalo Wings,Sides,1,199.0,199.0
222,ORD-0222,Customer 445,2,FINISHED,349.0,2025-12-20T03:06:23.772847,jose,Pepperoni Pizza,Pizzas,1,349.0,349.0
223,ORD-0223,Customer 446,7,FINISHED,1047.0,2026-01-15T04:06:23.772847,john,Pepperoni Pizza,Pizzas,3,349.0,1047.0
223,ORD-0223,Customer 447,1,FINISHED,987.0,2025-12-22T03:06:23.772847,maria,Hawaiian Pizza,Pizzas,3,329.0,987.0
224,ORD-0224,Customer 448,14,FINISHED,98.0,2025-12-16T03:06:23.772847,john,Coca-Cola,Drinks,2,49.0,98.0
224,ORD-0224,Customer 449,3,FINISHED,897.0,2025-12-29T08:06:23.772847,maria,Margherita Pizza,Pizzas,3,299.0,897.0
225,ORD-0225,Customer 450,12,FINISHED,199.0,2026-01-05T06:06:23.772847,maria,Buffalo Wings,Sides,1,199.0,199.0
225,ORD-0225,Customer 451,3,FINISHED,987.0,2025-11-29T12:06:23.772847,john,Hawaiian Pizza,Pizzas,3,329.0,987.0
226,ORD-0226,Customer 452,1,FINISHED,49.0,2025-11-30T03:06:23.772847,maria,Coca-Cola,Drinks,1,49.0,49.0
226,ORD-0226,Customer 453,9,FINISHED,597.0,2025-11-29T08:06:23.772847,john,Buffalo Wings,Sides,3,199.0,597.0
227,ORD-0227,Customer 454,9,FINISHED,349.0,2026-01-30T07:06:23.772847,jose,Pepperoni Pizza,Pizzas,1,349.0,349.0
227,ORD-0227,Customer 455,13,FINISHED,379.0,2026-01-19T08:06:23.772847,jose,Four Cheese Pizza,Pizzas,1,379.0,379.0
228,ORD-0228,Customer 456,10,FINISHED,658.0,2026-02-06T10:06:23.772847,jose,Hawaiian Pizza,Pizzas,2,329.0,658.0
228,ORD-0228,Customer 457,15,FINISHED,199.0,2025-12-16T01:06:23.772847,john,Buffalo Wings,Sides,1,199.0,199.0
229,ORD-0229,Customer 458,2,FINISHED,1047.0,2026-01-01T05:06:23.772847,maria,Pepperoni Pizza,Pizzas,3,349.0,1047.0
229,ORD-0229,Customer 459,7,FINISHED,758.0,2025-12-31T11:06:23.772847,john,Four Cheese Pizza,Pizzas,2,379.0,758.0
230,ORD-0230,Customer 460,8,FINISHED,379.0,2026-01-25T06:06:23.772847,jose,Four Cheese Pizza,Pizzas,1,379.0,379.0
230,ORD-0230,Customer 461,12,FINISHED,987.0,2025-12-03T11:06:23.772847,john,Hawaiian Pizza,Pizzas,3,329.0,987.0
231,ORD-0231,Customer 462,4,FINISHED,1137.0,2025-11-25T05:06:23.772847,john,Four Cheese Pizza,Pizzas,3,379.0,1137.0
231,ORD-0231,Customer 463,9,FINISHED,379.0,2026-01-04T04:06:23.772847,john,Four Cheese Pizza,Pizzas,1,379.0,379.0
232,ORD-0232,Customer 464,5,FINISHED,299.0,2025-12-07T12:06:23.772847,maria,Margherita Pizza,Pizzas,1,299.0,299.0
232,ORD-0232,Customer 465,9,FINISHED,349.0,2025-12-14T05:06:23.772847,maria,Pepperoni Pizza,Pizzas,1,349.0,349.0
233,ORD-0233,Customer 466,5,FINISHED,897.0,2025-12-23T07:06:23.772847,john,Margherita Pizza,Pizzas,3,299.0,897.0
233,ORD-0233,Customer 467,1,FINISHED,598.0,2026-01-15T06:06:23.772847,maria,Margherita Pizza,Pizzas,2,299.0,598.0
234,ORD-0234,Customer 468,11,FINISHED,897.0,2026-01-03T03:06:23.772847,jose,Margherita Pizza,Pizzas,3,299.0,897.0
234,ORD-0234,Customer 469,7,FINISHED,379.0,2026-01-20T10:06:23.772847,maria,Four Cheese Pizza,Pizzas,1,379.0,379.0
235,ORD-0235,Customer 470,5,FINISHED,379.0,2025-11-26T01:06:23.772847,maria,Four Cheese Pizza,Pizzas,1,379.0,379.0
235,ORD-0235,Customer 471,4,FINISHED,597.0,2025-11-21T05:06:23.772847,maria,Buffalo Wings,Sides,3,199.0,597.0
236,ORD-0236,Customer 472,11,FINISHED,658.0,2025-11-15T06:06:23.772847,john,Hawaiian Pizza,Pizzas,2,329.0,658.0
236,ORD-0236,Customer 473,1,FINISHED,658.0,2026-01-26T02:06:23.772847,maria,Hawaiian Pizza,Pizzas,2,329.0,658.0
237,ORD-0237,Customer 474,9,FINISHED,199.0,2026-01-03T12:06:23.772847,jose,Buffalo Wings,Sides,1,199.0,199.0
237,ORD-0237,Customer 475,15,FINISHED,49.0,2026-01-22T07:06:23.772847,john,Coca-Cola,Drinks,1,49.0,49.0
238,ORD-0238,Customer 476,9,FINISHED,49.0,2025-12-28T10:06:23.772847,maria,Coca-Cola,Drinks,1,49.0,49.0
238,ORD-0238,Customer 477,10,FINISHED,379.0,2026-01-10T12:06:23.772847,john,Four Cheese Pizza,Pizzas,1,379.0,379.0
239,ORD-0239,Customer 478,1,FINISHED,1137.0,2026-02-08T11:06:23.772847,maria,Four Cheese Pizza,Pizzas,3,379.0,1137.0
239,ORD-0239,Customer 479,2,FINISHED,349.0,2025-11-24T03:06:23.772847,john,Pepperoni Pizza,Pizzas,1,349.0,349.0
240,ORD-0240,Customer 480,1,FINISHED,147.0,2025-12-14T05:06:23.772847,jose,Coca-Cola,Drinks,3,49.0,147.0
240,ORD-0240,Customer 481,5,FINISHED,299.0,2025-12-14T03:06:23.772847,john,Margherita Pizza,Pizzas,1,299.0,299.0
241,ORD-0241,Customer 482,12,FINISHED,147.0,2025-12-18T10:06:23.772847,jose,Coca-Cola,Drinks,3,49.0,147.0
241,ORD-0241,Customer 483,4,FINISHED,199.0,2026-02-06T03:06:23.772847,maria,Buffalo Wings,Sides,1,199.0,199.0
242,ORD-0242,Customer 484,7,FINISHED,199.0,2025-11-15T07:06:23.772847,john,Buffalo Wings,Sides,1,199.0,199.0
242,ORD-0242,Customer 485,13,FINISHED,658.0,2025-11-18T05:06:23.772847,john,Hawaiian Pizza,Pizzas,2,329.0,658.0
243,ORD-0243,Customer 486,8,FINISHED,1047.0,2026-01-18T03:06:23.772847,jose,Pepperoni Pizza,Pizzas,3,349.0,1047.0
243,ORD-0243,Customer 487,13,FINISHED,987.0,2025-12-07T08:06:23.772847,jose,Hawaiian Pizza,Pizzas,3,329.0,987.0
244,ORD-0244,Customer 488,2,FINISHED,597.0,2025-11-28T01:06:23.772847,john,Buffalo Wings,Sides,3,199.0,597.0
244,ORD-0244,Customer 489,6,FINISHED,349.0,2025-12-17T06:06:23.772847,maria,Pepperoni Pizza,Pizzas,1,349.0,349.0
245,ORD-0245,Customer 490,10,FINISHED,329.0,2026-01-21T05:06:23.772847,jose,Hawaiian Pizza,Pizzas,1,329.0,329.0
245,ORD-0245,Customer 491,11,FINISHED,49.0,2025-11-26T07:06:23.772847,john,Coca-Cola,Drinks,1,49.0,49.0
246,ORD-0246,Customer 492,8,FINISHED,1047.0,2026-01-02T11:06:23.772847,john,Pepperoni Pizza,Pizzas,3,349.0,1047.0
246,ORD-0246,Customer 493,9,FINISHED,147.0,2025-12-25T12:06:23.772847,jose,Coca-Cola,Drinks,3,49.0,147.0
247,ORD-0247,Customer 494,13,FINISHED,897.0,2026-02-07T03:06:23.772847,maria,Margherita Pizza,Pizzas,3,299.0,897.0
247,ORD-0247,Customer 495,4,FINISHED,1137.0,2026-01-16T06:06:23.772847,maria,Four Cheese Pizza,Pizzas,3,379.0,1137.0
248,ORD-0248,Customer 496,15,FINISHED,658.0,2025-11-23T04:06:23.772847,jose,Hawaiian Pizza,Pizzas,2,329.0,658.0
248,ORD-0248,Customer 497,15,FINISHED,199.0,2025-11-19T06:06:23.772847,maria,Buffalo Wings,Sides,1,199.0,199.0
249,ORD-0249,Customer 498,7,FINISHED,199.0,2025-12-13T01:06:23.772847,maria,Buffalo Wings,Sides,1,199.0,199.0
249,ORD-0249,Customer 499,12,FINISHED,49.0,2026-01-15T07:06:23.772847,john,Coca-Cola,Drinks,1,49.0,49.0
